<?xml version="1.0" encoding="UTF-8"?>
<beans xmlns="http://www.springframework.org/schema/beans"
	xmlns:xsi="http://www.w3.org/2001/XMLSchema-instance" xmlns:aop="http://www.springframework.org/schema/aop"
	xmlns:context="http://www.springframework.org/schema/context" xmlns:tx="http://www.springframework.org/schema/tx"
	xsi:schemaLocation="http://www.springframework.org/schema/beans http://www.springframework.org/schema/beans/spring-beans.xsd
		http://www.springframework.org/schema/aop http://www.springframework.org/schema/aop/spring-aop-3.1.xsd
		http://www.springframework.org/schema/context http://www.springframework.org/schema/context/spring-context-3.1.xsd
		http://www.springframework.org/schema/tx http://www.springframework.org/schema/tx/spring-tx-3.1.xsd">
		<!--  导入jdbc配置文件-->
	<context:property-placeholder location="classpath:jdbc.properties"/>
	<bean id="dataSource" class="com.alibaba.druid.pool.DruidDataSource"
		init-method="init" destroy-method="close">
		<property name="url" value="${url}"></property>
		<property name="username" value="${username}"></property>
		<property name="password" value="${password}"></property>
		<!-- 初始化链接大小 -->
		<property name="initialSize" value="0"></property>
		<!-- 连接池的最大连接量 -->
		<property name="maxActive" value="100"></property>
		<!--  连接池最大空间 -->
		<!--<property name="maxIdle" value="100"></property> -->
		<!-- 连接池最小空间 -->
		<property name="minIdle" value="0"></property>
		<!-- 获取链接最大等待时间 -->
		<property name="poolPreparedStatements" value="true" />
		<property name="maxPoolPreparedStatementPerConnectionSize"
			value="33" />
		<property name="validationQuery" value="${validationQuery}"></property>
		<property name="testOnBorrow" value="false"></property>
		<property name="testOnReturn" value="false"></property>
		<property name="testWhileIdle" value="true"></property>

		<property name="timeBetweenEvictionRunsMillis" value="60000"></property>
		<property name="minEvictableIdleTimeMillis" value="2520000"></property>

		<property name="removeAbandoned" value="true"></property>
		<property name="removeAbandonedTimeout" value="1800"></property>
		<property name="logAbandoned" value="true"></property>
		<property name="filters" value="mergeStart"></property>
	</bean>
	<bean id="sqlSessionFactory" class="org.mybatis.spring.SqlSessionFactoryBean">
		<property name="dataSource" ref="dataSource"></property>
		<property name="mapperLocations" value="classpath:com/wyDemo/mapper/*.xml"></property>
	</bean>
	<bean class="org.mybatis.spring.mapper.MapperScannerConfigurer">
		<property name="basePackage" value="com.wyDemo.dao"></property>
		<property name="sqlSessionFactoryBeanName" value="sqlSessionFactory"></property>
	</bean>
	<bean id="transactionManager"
		class="org.springframework.jdbc.datasource.DataSourceTransactionManager">
		<property name="dataSource" ref="dataSource"></property>
	</bean>
	<!-- 拦截器方式配置事物 -->
	<tx:advice id="transactionAdvice" transaction-manager="transactionManager">
		<tx:attributes>
			<tx:method name="insert*" propagation="REQUIRED" />
			<tx:method name="update*" propagation="REQUIRED" />
			<tx:method name="delete*" propagation="REQUIRED" />
			<tx:method name="get*" propagation="SUPPORTS" read-only="true" />
			<tx:method name="find*" propagation="SUPPORTS" read-only="true" />
			<tx:method name="select*" propagation="SUPPORTS" read-only="true" />
		</tx:attributes>
	</tx:advice>
	<!-- Spring aop事务管理 -->
	<!-- <aop:config>
		<aop:pointcut id="transactionPointcut" expression="execution(* com.fc.service..*Impl.*(..))" />
		<aop:advisor pointcut-ref="transactionPointcut" advice-ref="transactionAdvice" />
	</aop:config> -->
</beans>
