<?xml version="1.0" encoding="UTF-8"?>
<beans xmlns="http://www.springframework.org/schema/beans"
	xmlns:xsi="http://www.w3.org/2001/XMLSchema-instance" xmlns:aop="http://www.springframework.org/schema/aop"
	xmlns:context="http://www.springframework.org/schema/context"
	xmlns:mvc="http://www.springframework.org/schema/mvc" xmlns:tx="http://www.springframework.org/schema/tx"
	xmlns:p="http://www.springframework.org/schema/p"
	xsi:schemaLocation="http://www.springframework.org/schema/beans http://www.springframework.org/schema/beans/spring-beans.xsd
		http://www.springframework.org/schema/aop http://www.springframework.org/schema/aop/spring-aop-3.1.xsd
		http://www.springframework.org/schema/context http://www.springframework.org/schema/context/spring-context-3.1.xsd
		http://www.springframework.org/schema/mvc http://www.springframework.org/schema/mvc/spring-mvc-4.2.xsd
		http://www.springframework.org/schema/tx http://www.springframework.org/schema/tx/spring-tx-3.1.xsd">
	<!-- 注册驱动器 -->
	<!--  会自动注册DefaultAnnotationHandlerMapping与AnnotationMethodHandlerAdapter 两个bean,
	            是spring MVC为@Controllers分发请求所必须的。-->
	<mvc:annotation-driven/>
	<!--  配置不为静态页面的要经过controller跳转的欢迎页  -->
    <!-- <mvc:view-controller path="/" view-name="carInfo/HomeShow?carname="/> -->
	<!--  配置欢迎页面，默认页面    -->
	<mvc:default-servlet-handler/>
	<!-- 配置静态资源过滤 -->
	<!-- <mvc:resources location="/bootstrap-3.3.5-dist/css/" mapping="/bootstrap-3.3.5-dist/css/**"/>
	<mvc:resources location="/bootstrap-3.3.5-dist/photo/" mapping="/bootstrap-3.3.5-dist/photo/**"/>
	<mvc:resources location="/bootstrap-3.3.5-dist/js/" mapping="/bootstrap-3.3.5-dist/js/**"/>
	<mvc:resources location="/js/" mapping="/js/**"/>
	<mvc:resources location="/Font-Awesome-3.2.1/" mapping="/Font-Awesome-3.2.1/**"/> -->
	<!-- 配置包扫描controller与service层都需要扫描 -->
	<context:component-scan base-package="com.wyDemo.*"></context:component-scan>
	<bean id="multipartResolver" class="org.springframework.web.multipart.commons.CommonsMultipartResolver">
		<property name="maxUploadSize" value="100000000"></property>
	</bean>
	<bean id="mappingJacksonHttpMessageConverter" class="org.springframework.http.converter.json.MappingJackson2HttpMessageConverter"/>
	<bean class="org.springframework.web.servlet.mvc.annotation.AnnotationMethodHandlerAdapter">
		<property name="messageConverters">
			<list>
				<ref bean="mappingJacksonHttpMessageConverter"></ref>
				<!-- <ref bean="ResourceHttpMessageConverter" /> <ref bean="StringHttpMessageConverte" 
					/> -->
			</list>
		</property>
	</bean>
	<bean class="org.springframework.web.servlet.view.InternalResourceViewResolver"
		  p:prefix="/" p:suffix=".jsp" p:viewClass="org.springframework.web.servlet.view.JstlView" />
	<!-- <property name="viewClass" value="org.springframework.web.servlet.view.JstlView" 
		/> <property name="prefix" value="/" /> <property name="suffix" value=".jsp" 
		/> </bean> -->
</beans>
<!-- p:viewClass="org.springframework.web.servlet.view.JstlView" -->
