<?xml version="1.0" encoding="UTF-8" ?>
<!DOCTYPE mapper PUBLIC "-//mybatis.org//DTD Mapper 3.0//EN" "http://mybatis.org/dtd/mybatis-3-mapper.dtd" >
<mapper namespace="com.wyDemo.dao.BookInfoMapper" >
  <resultMap id="BaseResultMap" type="com.wyDemo.bean.BookInfo" >
    <result column="BOOK_ID" property="bookId" jdbcType="VARCHAR" />
    <result column="BOOK_NAME" property="bookName" jdbcType="VARCHAR" />
  </resultMap>
  <resultMap id="ResultMapWithBLOBs" type="com.wyDemo.bean.BookInfo" extends="BaseResultMap" >
    <result column="BOOK_DESC" property="bookDesc" jdbcType="LONGVARBINARY" />
  </resultMap>
  <sql id="Example_Where_Clause" >
    <where >
      <foreach collection="oredCriteria" item="criteria" separator="or" >
        <if test="criteria.valid" >
          <trim prefix="(" suffix=")" prefixOverrides="and" >
            <foreach collection="criteria.criteria" item="criterion" >
              <choose >
                <when test="criterion.noValue" >
                  and ${criterion.condition}
                </when>
                <when test="criterion.singleValue" >
                  and ${criterion.condition} #{criterion.value}
                </when>
                <when test="criterion.betweenValue" >
                  and ${criterion.condition} #{criterion.value} and #{criterion.secondValue}
                </when>
                <when test="criterion.listValue" >
                  and ${criterion.condition}
                  <foreach collection="criterion.value" item="listItem" open="(" close=")" separator="," >
                    #{listItem}
                  </foreach>
                </when>
              </choose>
            </foreach>
          </trim>
        </if>
      </foreach>
    </where>
  </sql>
  <sql id="Update_By_Example_Where_Clause" >
    <where >
      <foreach collection="example.oredCriteria" item="criteria" separator="or" >
        <if test="criteria.valid" >
          <trim prefix="(" suffix=")" prefixOverrides="and" >
            <foreach collection="criteria.criteria" item="criterion" >
              <choose >
                <when test="criterion.noValue" >
                  and ${criterion.condition}
                </when>
                <when test="criterion.singleValue" >
                  and ${criterion.condition} #{criterion.value}
                </when>
                <when test="criterion.betweenValue" >
                  and ${criterion.condition} #{criterion.value} and #{criterion.secondValue}
                </when>
                <when test="criterion.listValue" >
                  and ${criterion.condition}
                  <foreach collection="criterion.value" item="listItem" open="(" close=")" separator="," >
                    #{listItem}
                  </foreach>
                </when>
              </choose>
            </foreach>
          </trim>
        </if>
      </foreach>
    </where>
  </sql>
  <sql id="Base_Column_List" >
    BOOK_ID, BOOK_NAME
  </sql>
  <sql id="Blob_Column_List" >
    BOOK_DESC
  </sql>
  <select id="selectByExampleWithBLOBs" resultMap="ResultMapWithBLOBs" parameterType="com.wyDemo.bean.BookInfoExample" >
    select
    <if test="distinct" >
      distinct
    </if>
    'true' as QUERYID,
    <include refid="Base_Column_List" />
    ,
    <include refid="Blob_Column_List" />
    from book_info
    <if test="_parameter != null" >
      <include refid="Example_Where_Clause" />
    </if>
    <if test="orderByClause != null" >
      order by ${orderByClause}
    </if>
  </select>
  <select id="selectByExample" resultMap="BaseResultMap" parameterType="com.wyDemo.bean.BookInfoExample" >
    select
    <if test="distinct" >
      distinct
    </if>
    'true' as QUERYID,
    <include refid="Base_Column_List" />
    from book_info
    <if test="_parameter != null" >
      <include refid="Example_Where_Clause" />
    </if>
    <if test="orderByClause != null" >
      order by ${orderByClause}
    </if>
  </select>
  <delete id="deleteByExample" parameterType="com.wyDemo.bean.BookInfoExample" >
    delete from book_info
    <if test="_parameter != null" >
      <include refid="Example_Where_Clause" />
    </if>
  </delete>
  <insert id="insert" parameterType="com.wyDemo.bean.BookInfo" >
    insert into book_info (BOOK_ID, BOOK_NAME, BOOK_DESC
      )
    values (#{bookId,jdbcType=VARCHAR}, #{bookName,jdbcType=VARCHAR}, #{bookDesc,jdbcType=LONGVARBINARY}
      )
  </insert>
  <insert id="insertSelective" parameterType="com.wyDemo.bean.BookInfo" >
    insert into book_info
    <trim prefix="(" suffix=")" suffixOverrides="," >
      <if test="bookId != null" >
        BOOK_ID,
      </if>
      <if test="bookName != null" >
        BOOK_NAME,
      </if>
      <if test="bookDesc != null" >
        BOOK_DESC,
      </if>
    </trim>
    <trim prefix="values (" suffix=")" suffixOverrides="," >
      <if test="bookId != null" >
        #{bookId,jdbcType=VARCHAR},
      </if>
      <if test="bookName != null" >
        #{bookName,jdbcType=VARCHAR},
      </if>
      <if test="bookDesc != null" >
        #{bookDesc,jdbcType=LONGVARBINARY},
      </if>
    </trim>
  </insert>
  <select id="countByExample" parameterType="com.wyDemo.bean.BookInfoExample" resultType="java.lang.Integer" >
    select count(*) from book_info
    <if test="_parameter != null" >
      <include refid="Example_Where_Clause" />
    </if>
  </select>
  <update id="updateByExampleSelective" parameterType="map" >
    update book_info
    <set >
      <if test="record.bookId != null" >
        BOOK_ID = #{record.bookId,jdbcType=VARCHAR},
      </if>
      <if test="record.bookName != null" >
        BOOK_NAME = #{record.bookName,jdbcType=VARCHAR},
      </if>
      <if test="record.bookDesc != null" >
        BOOK_DESC = #{record.bookDesc,jdbcType=LONGVARBINARY},
      </if>
    </set>
    <if test="_parameter != null" >
      <include refid="Update_By_Example_Where_Clause" />
    </if>
  </update>
  <update id="updateByExampleWithBLOBs" parameterType="map" >
    update book_info
    set BOOK_ID = #{record.bookId,jdbcType=VARCHAR},
      BOOK_NAME = #{record.bookName,jdbcType=VARCHAR},
      BOOK_DESC = #{record.bookDesc,jdbcType=LONGVARBINARY}
    <if test="_parameter != null" >
      <include refid="Update_By_Example_Where_Clause" />
    </if>
  </update>
  <update id="updateByExample" parameterType="map" >
    update book_info
    set BOOK_ID = #{record.bookId,jdbcType=VARCHAR},
      BOOK_NAME = #{record.bookName,jdbcType=VARCHAR}
    <if test="_parameter != null" >
      <include refid="Update_By_Example_Where_Clause" />
    </if>
  </update>
</mapper>